threshold,horizon,coins_loaded,coins_eligible,signals,coins_with_signals,hit_10pct,hit_20pct,hit_50pct,mean_forward_return,median_forward_return,worst_forward_return,mean_max_forward_drawdown,worst_max_forward_drawdown
20.0,7,80,80,612,67,0.25,0.119281045751634,0.03758169934640523,0.05881446594137204,0.0007957171625547765,-0.47655696185399055,-0.06261709034911025,-0.47655696185399055
20.0,14,80,80,452,61,0.3938053097345133,0.2743362831858407,0.09734513274336283,0.1274656822240535,0.03999247606316059,-0.4145576419753296,-0.07452108653789963,-0.4876554593272213
20.0,30,80,80,325,50,0.6030769230769231,0.46153846153846156,0.16307692307692306,0.29341765171465656,0.16322429099547753,-0.5647458626182269,-0.10300538205675444,-0.5647458626182269
25.0,7,80,80,448,61,0.23660714285714285,0.125,0.04241071428571429,0.06285961009822838,1.7352740104281672e-05,-0.47655696185399055,-0.06719577680564334,-0.47655696185399055
25.0,14,80,80,333,54,0.38738738738738737,0.27927927927927926,0.09009009009009009,0.12321273588484745,0.03587612802700768,-0.4145576419753296,-0.0800428298725749,-0.4876554593272213
25.0,30,80,80,232,43,0.5948275862068966,0.4482758620689655,0.15517241379310345,0.2793271608130501,0.15186022544906475,-0.5647458626182269,-0.11092577547290486,-0.5647458626182269
30.0,7,80,80,318,52,0.22641509433962265,0.13836477987421383,0.050314465408805034,0.06021035230757561,-0.0016410887510174277,-0.47655696185399055,-0.07380676520245393,-0.47655696185399055
30.0,14,80,80,239,41,0.42677824267782427,0.3138075313807531,0.100418410041841,0.12932657859965202,0.06936822630304729,-0.4145576419753296,-0.08496402543826666,-0.4876554593272213
30.0,30,80,80,159,32,0.5911949685534591,0.44025157232704404,0.11320754716981132,0.2557974046507894,0.15252448163840548,-0.5647458626182269,-0.11645751561528173,-0.5647458626182269
35.0,7,80,80,228,42,0.22807017543859648,0.12719298245614036,0.05701754385964912,0.0699741366865837,-0.0016410887510174277,-0.47655696185399055,-0.07737071632031725,-0.47655696185399055
35.0,14,80,80,171,33,0.4444444444444444,0.32748538011695905,0.1111111111111111,0.14515472883159317,0.0697311581832678,-0.4145576419753296,-0.08600491424733046,-0.4876554593272213
35.0,30,80,80,106,24,0.5754716981132075,0.4528301886792453,0.1320754716981132,0.3064993088269617,0.1509857795237841,-0.5421445425780382,-0.11137482595080508,-0.5421445425780382
40.0,7,80,80,167,32,0.24550898203592814,0.1377245508982036,0.059880239520958084,0.06648250227760034,-0.00626964488731363,-0.4435549525101765,-0.08036048434101647,-0.46179591552725885
40.0,14,80,80,126,26,0.4603174603174603,0.35714285714285715,0.1111111111111111,0.1478253418430028,0.06972370524720262,-0.3912082080311339,-0.08788964791929643,-0.44836928691798483
40.0,30,80,80,77,18,0.5714285714285714,0.4675324675324675,0.15584415584415584,0.3439802949046523,0.15252448163840548,-0.5421445425780382,-0.11632527393838214,-0.5421445425780382
