social_accel,contributor_accel,engagement_accel,sentiment_change,social_dominance_change,volume_accel,price_change_7d,price_change_30d,galaxy_score_change,spam_change,last_price,last_time,social_price_divergence,id,symbol,name,market_cap,snapshot_score,volume_24h_snapshot,social_accel_score,contributor_accel_score,engagement_accel_score,sentiment_change_score,social_dominance_change_score,volume_accel_score,social_price_divergence_score,galaxy_score_change_score,extension_penalty,spam_penalty,breakout_score,stage
1.1244657653728742,1.1540800700065632,0.5956754449793906,-0.012195121951219523,-0.2076105204252937,0.44425554084321517,-0.0782998945106943,0.976541455632753,-0.5859269282814614,-0.7172774869109948,0.045347,2026-10-09 00:00:00+00:00,0.9580737601196093,162059,NIGHT,Midnight,750263328.32,47.298319327731086,30327352.03,95.0,95.0,56.96559839516378,45.09799897767287,27.68142476178584,72.80277835127202,74.53249239257576,18.395884838892506,0.0,0.0,69.47610344954984,DEVELOPING
0.25523704520396917,0.3441558441558441,9.615664261401196,0.03333333333333344,2.3333333333333335,-0.13457886968725363,-0.02412084841417428,0.05507672712842915,0.4597402597402598,0.25,82423.649,2026-10-09 00:00:00+00:00,3.4050190502536695,1940,WBTC,Wrapped Bitcoin,9351180560.98,61.27871148459383,286242830.25,53.24429136951849,57.2531234420675,95.0,51.94559823431576,95.0,44.704637738739116,95.0,70.02896745871493,0.0,1.25,67.06551332893098,DEVELOPING
0.7206055261610815,0.5561569688768606,0.4631052988477429,0.15662650602409633,1.9391304347826086,-0.10441328682010576,-0.0004192152250965808,-0.0004826171777301269,-0.23570432357043247,-0.47058823529411764,0.9990676,2026-10-09 00:00:00+00:00,0.5799559312952284,160590,USD1,World Liberty Financial USD,4262281378.58,55.85574229691878,1238196237.16,75.69879729422036,67.31001036619448,55.43011107593232,70.48921524020297,90.88044307717523,46.16895425766093,63.68138359808871,35.689219555251924,0.0,0.0,66.24217813494948,DEVELOPING
0.9666872104390702,0.8981760948060364,0.3720736713393298,-0.04597701149425293,0.6594161419576416,0.36253556526372654,0.018551915138023123,0.29451017483187036,-0.05640243902439024,0.5747126436781609,0.223092,2026-10-09 00:00:00+00:00,0.7270937437234557,169,FET,Fetch,505319550.0,71.91736694677871,227207373.05,87.5724906440928,83.53467747531892,54.375741643847924,40.017114061259896,53.206271522145606,68.83587637911575,67.90389914411729,44.54280999464453,0.6493170298308093,2.8735632183908044,64.2802618910727,BREAKOUT / MOMENTUM
0.8138359236263237,1.0900324913531079,0.4096995037397231,-0.04705882352941182,-0.002525252525252486,-0.03917362479522868,-0.11656979662228906,0.15307649758352193,-0.23469387755102045,-0.05882352941176472,0.4919647,2026-10-09 00:00:00+00:00,0.7711893062397183,1314,WLD,Worldcoin,1892796147.0,68.3389355742297,321533774.47,80.19725947614565,92.63594091570614,54.81154103166002,39.85440668976041,33.71903613300786,49.33585858079744,69.16933999282244,35.73911348268966,0.0,0.0,63.16125697491463,BREAKOUT / MOMENTUM
0.7912354448385597,0.9169331047371918,0.8319461655218059,0.024691358024691468,0.0014261266400457107,0.10034875528155252,0.06660476634307444,0.45325141854104567,-0.04153354632587858,-0.27459016393442626,0.3916033,2026-10-09 00:00:00+00:00,0.7801001386894446,830,STX,Stacks,744737174.0,63.226890756302524,39320165.94,79.10676322294599,84.42447052788216,59.7021926125247,50.64582244949003,33.83536282982375,56.10864088722582,69.42506031328989,45.277008001392716,2.331166822007605,0.0,62.329862502842516,BREAKOUT / MOMENTUM
0.6232993197278911,0.6569629569057158,-0.14512016451972187,0.101123595505618,0.9886363636363635,-0.3358724763920964,-0.00011199126468131038,-9.599404836901915e-05,0.4819277108433735,0.05263157894736836,0.999966,2026-10-09 00:00:00+00:00,0.37838070403796165,159260,RLUSD,Ripple USD,2475723909.0,58.596638655462186,242769422.07,71.0036731543762,72.09203416071537,48.3853690017477,62.14143171817344,62.89835606042894,34.93331806129771,57.89663991635672,71.12454213969703,0.0,0.2631578947368418,60.9025725508372,BREAKOUT / MOMENTUM
0.8864872602347551,0.7476663513087354,0.02199764265675186,0.07407407407407418,0.5966514459665144,0.7512633716743917,0.21370018140649494,0.8870794642857143,-0.5460829493087558,0.0,2.113529,2026-10-09 00:00:00+00:00,0.33835023666025255,152283,ZRO,Layerzero,847258807.0,67.43837535014006,160632371.3,83.70276089075878,76.3948121877002,50.32100293762963,58.0731126484942,51.35850914453776,87.70574376401856,56.74785791377245,20.363305717893486,7.4795063492273215,0.0,58.860243775238814,BREAKOUT / MOMENTUM
0.3046932742054693,0.3630136986301369,0.3343181679508831,0.23684210526315796,0.7079365079365079,0.1884396205451211,0.01695416928122362,0.20471535365152382,0.12283236994219648,-0.017857142857142905,0.034358,2026-10-09 00:00:00+00:00,0.3170542109809395,66919,XDC,XDC Network,700298723.0,57.49299719887956,22589137.9,55.63060508127573,58.147700347398434,53.93844034807512,82.55385205442244,54.634687694450285,60.384802555961215,56.136711139088774,53.393088367850616,0.5933959248428267,0.0,58.167836212581946,BREAKOUT / MOMENTUM
0.5047046987809207,0.41571373857854144,0.5146251479754658,-0.09782608695652173,0.8425655976676387,0.3508275378912651,0.06137430969947699,0.5702380504682034,0.6944444444444444,0.45238095238095233,0.0835084,2026-10-09 00:00:00+00:00,0.4169735520788323,148360,PYTH,Pyth Network,664082063.0,67.61064425770307,107164317.28,65.28136120661682,60.64767926664017,56.026837241910734,32.21887692859107,58.59810316246978,68.26753801943647,59.00416556274748,81.6182194682152,2.1481008394816947,2.261904761904762,55.30129151728563,BREAKOUT / MOMENTUM
0.2578741886292326,0.30117136659436006,-0.3710102289837782,0.26315789473684204,1.143245078071962,0.8124167086423599,0.039622336463862595,0.11342121674383243,-0.04980842911877392,0.7,125.58485,2026-10-09 00:00:00+00:00,0.02305610561607556,2113,OKB,OKB,2641589119.0,55.38935574229692,60614866.1,53.371536241249125,55.214030343399315,45.769008232404516,86.51181591047069,67.44996204326999,90.6742871501605,47.6996442157808,44.868409824258336,1.3867817762351908,3.5,55.08054949362879,BREAKOUT / MOMENTUM
0.42861899806748927,0.4179767882130214,0.15106143605590217,0.09859154929577474,0.6455004205214465,-0.19813177624010947,-0.05762911568117823,0.02116921387523618,-0.11031518624641823,0.17452830188679247,5.4019851414e-06,2026-10-09 00:00:00+00:00,0.33255240744547093,2917,SHIB,Shiba Inu,3165797635.0,55.820728291316534,79893178.2,61.61014820581137,60.75503357576283,51.81587809556683,61.7606053177181,52.79659939482889,41.61961295069862,56.58147359971602,41.88069975205103,0.0,0.8726415094339623,54.78539640661704,WATCH
0.20741217139641432,0.24315818281335533,-0.2500437651879126,0.09333333333333327,0.4839968774395005,0.4544453291366741,-0.056614957056948634,0.1891080193160226,0.5143953934740884,0.02564102564102555,0.1201665,2026-10-09 00:00:00+00:00,0.06684219634061901,2108,ALGO,Algorand,1073400912.0,69.77450980392157,157345534.15,50.936692217012016,52.46200706917409,47.170096461019526,60.96975582610581,48.04201298212047,73.29741740360335,48.956203938485594,72.72773535351244,0.0,0.12820512820512775,54.31370923828406,WATCH
0.32724505327245046,0.39106505503734135,0.15734318543368087,-0.012195121951219523,0.24638519375361478,0.16816775377453053,-0.08960487613778412,0.05683780918727921,0.20524017467248923,-0.2797527047913446,2.990851,2026-10-09 00:00:00+00:00,0.2918844312478242,12391,ICP,Internet Computer,1670805266.0,65.22689075630252,100260509.37,56.71875152306014,59.47839762472129,51.888636154553886,45.09799897767287,41.04683961815002,59.400752968313896,55.41439656570175,57.46223105387799,0.0,0.0,53.853853313334064,WATCH
0.2694204179245687,0.4596419347199965,-0.28623774843661864,0.3137254901960784,-0.25795964125560533,-0.25139137778585496,-0.08801315547088773,0.035383333616717305,-0.09262166405023553,-0.35256410256410253,0.060894,2026-10-09 00:00:00+00:00,0.14760820140264885,25,CRO,Cronos,3047962257.0,51.61484593837535,11222696.96,53.92865363258355,62.73154038745661,46.750881396900375,94.11731508483797,26.19917092869099,39.03425218780206,51.274001833784595,42.7543726604642,0.0,0.0,53.10471931233421,WATCH
