time,contributors_active,contributors_created,interactions,posts_active,posts_created,sentiment,spam,alt_rank,circulating_supply,close,galaxy_score,high,low,market_cap,market_dominance,open,social_dominance,volume_24h,coin_id
2026-07-07 00:00:00+00:00,386,149,357515,596,207,70,116,138.0,4869330647.0,0.331237,38.7,0.336779,0.328419,1595420595.0,0.07237,0.33604,0.1116,66915924.0,46356
2026-07-08 00:00:00+00:00,329,135,287939,528,170,78,111,368.0,4869330647.0,0.314104,36.4,0.31732,0.311316,1535609483.0,0.07044,0.311316,0.0938,72355727.0,46356
2026-07-09 00:00:00+00:00,326,155,356690,621,283,85,167,114.0,4869330647.0,0.318384,39.2,0.319899,0.314018,1540339031.0,0.0717,0.316589,0.1097,53753497.0,46356
2026-07-10 00:00:00+00:00,321,140,383303,685,278,87,278,27.0,4869330647.0,0.326878,62.4,0.327974,0.324368,1598079172.0,0.07369,0.325521,0.1255,56257402.0,46356
2026-07-11 00:00:00+00:00,325,148,334091,738,323,87,328,113.0,4869330647.0,0.33458,64.4,0.33551,0.332336,1580047134.0,0.07186,0.33393,0.1549,46570633.0,46356
2026-07-12 00:00:00+00:00,346,182,477934,703,307,93,295,24.0,4869330647.0,0.325748,60.2,0.328038,0.324089,1570837468.0,0.07181,0.327421,0.1533,37032779.0,46356
2026-07-13 00:00:00+00:00,321,135,352688,580,228,93,205,375.0,4869330647.0,0.313005,46.5,0.315926,0.310275,1511157535.0,0.06904,0.315785,0.1186,51362010.0,46356
2026-07-14 00:00:00+00:00,334,158,183684,1032,685,91,438,249.0,4869330647.0,0.315273,48.6,0.317265,0.306743,1532610438.0,0.07143,0.307562,0.2015,59539906.0,46356
2026-07-15 00:00:00+00:00,363,210,428456,1147,641,93,453,5.0,4869330647.0,0.333106,51.7,0.335474,0.327823,1780780470.0,0.07996,0.333002,0.2209,182494813.0,46356
2026-07-16 00:00:00+00:00,761,597,1490451,1706,1120,89,356,141.0,4869330647.0,0.37524,68.0,0.391707,0.372473,1770263560.0,0.07959,0.37359,0.3335,267580298.0,46356
2026-07-17 00:00:00+00:00,745,261,914521,2011,1038,86,540,13.0,4869330647.0,0.375116,57.6,0.379627,0.374706,1814601656.0,0.08286,0.376295,0.3892,159045624.0,46356
2026-07-18 00:00:00+00:00,674,239,992945,1475,464,84,491,549.0,4869330647.0,0.34834,45.4,0.348585,0.338457,1689581662.0,0.07715,0.339545,0.3594,181465878.0,46356
2026-07-19 00:00:00+00:00,591,182,903824,1379,568,86,496,215.0,4869330647.0,0.346087,58.1,0.348289,0.343959,1680321280.0,0.076,0.348289,0.355,77525079.0,46356
2026-07-20 00:00:00+00:00,503,155,512127,1175,350,86,396,45.0,4869330647.0,0.35592,35.6,0.359202,0.352651,1740345722.0,0.07874,0.352851,0.3032,93421226.0,46356
2026-07-21 00:00:00+00:00,647,402,1001308,1423,750,83,330,1.0,4869330647.0,0.401122,79.1,0.408323,0.395714,1950600498.0,0.08753,0.400638,0.3478,246960944.0,46356
2026-07-22 00:00:00+00:00,594,400,466786,1310,900,85,386,1.0,4869330647.0,0.41153,42.8,0.417693,0.407767,2010734559.0,0.08894,0.413458,0.4528,171352097.0,46356
2026-07-23 00:00:00+00:00,554,298,538724,1374,722,87,521,392.0,4869330647.0,0.399699,53.6,0.404233,0.395487,1952937911.0,0.08682,0.400533,0.4309,118751912.0,46356
2026-07-24 00:00:00+00:00,483,240,416516,1320,632,92,384,662.0,4869330647.0,0.388495,45.7,0.394483,0.388423,1865862076.0,0.08429,0.393812,0.3923,115626522.0,46356
2026-07-25 00:00:00+00:00,412,193,382373,819,276,89,214,440.0,4869330647.0,0.382717,49.1,0.385319,0.381421,1838919920.0,0.08399,0.381534,0.2574,75634146.0,46356
2026-07-26 00:00:00+00:00,494,305,661352,874,458,60,209,14.0,4869330647.0,0.399432,78.3,0.406893,0.395598,1968798292.0,0.08956,0.395598,0.2956,115929627.0,46356
2026-07-27 00:00:00+00:00,516,306,631895,1033,517,85,298,39.0,4869330647.0,0.403916,42.6,0.415879,0.398642,1917679509.0,0.08583,0.405809,0.3101,146139417.0,46356
2026-07-28 00:00:00+00:00,525,253,535272,1078,425,84,292,21.0,4869330647.0,0.404746,47.1,0.411853,0.388587,1974803286.0,0.09059,0.389048,0.3002,123043409.0,46356
2026-07-29 00:00:00+00:00,477,237,558925,1059,488,77,356,105.0,4869330647.0,0.398413,35.3,0.409356,0.391202,1967082609.0,0.0899,0.392266,0.3083,115654251.0,46356
2026-07-30 00:00:00+00:00,442,294,610707,1210,724,87,518,17.0,4869330647.0,0.420436,49.6,0.423698,0.411977,2025159660.0,0.09265,0.418055,0.3486,145732810.0,46356
2026-07-31 00:00:00+00:00,487,247,622396,1452,674,82,600,694.0,4869330647.0,0.396599,49.8,0.400375,0.394743,1897867982.0,0.08594,0.397869,0.4026,114448902.0,46356
2026-08-01 00:00:00+00:00,397,173,384301,1051,477,80,461,193.0,4869330647.0,0.378428,42.7,0.387885,0.378428,1849832820.0,0.08572,0.387691,0.3208,85472362.0,46356
2026-08-02 00:00:00+00:00,365,157,296785,821,288,82,260,257.0,4869330647.0,0.388776,42.8,0.388973,0.3833,1843085448.0,0.08567,0.383735,0.2515,96297021.0,46356
2026-08-03 00:00:00+00:00,373,188,361164,753,300,79,129,521.0,4869330647.0,0.374529,48.1,0.378967,0.372609,1807298483.0,0.08299,0.375213,0.2006,99502798.0,46356
2026-08-04 00:00:00+00:00,365,172,285720,794,373,80,123,71.0,4869330647.0,0.374432,16.0,0.375501,0.365316,1819178959.0,0.08364,0.367414,0.203,110043961.0,46356
2026-08-05 00:00:00+00:00,348,171,343200,790,374,81,124,132.0,4869330647.0,0.376,54.5,0.383068,0.375897,1816981229.0,0.08307,0.379507,0.2049,94740025.0,46356
2026-08-06 00:00:00+00:00,337,174,380735,940,486,89,125,296.0,4869330647.0,0.366644,36.5,0.371212,0.366644,1746012684.0,0.07925,0.369365,0.2474,81400403.0,46356
2026-08-07 00:00:00+00:00,413,247,628028,1020,564,72,186,597.0,4869330647.0,0.347039,54.8,0.349759,0.344032,1692187216.0,0.07721,0.349093,0.277,129982173.0,46356
2026-08-08 00:00:00+00:00,397,192,583962,1037,523,64,437,151.0,4869330647.0,0.354637,58.8,0.358925,0.353755,1713228213.0,0.07767,0.356775,0.2972,56100330.0,46356
2026-08-09 00:00:00+00:00,349,155,495081,896,377,77,326,219.0,4869330647.0,0.351595,70.4,0.353828,0.350821,1691779127.0,0.07645,0.353765,0.2595,67028252.0,46356
2026-08-10 00:00:00+00:00,333,170,523344,788,334,82,131,521.0,4869330647.0,0.344275,29.8,0.348256,0.343007,1654731555.0,0.0749,0.346537,0.2111,68509969.0,46356
2026-08-11 00:00:00+00:00,350,177,590675,779,332,88,100,372.0,4869330647.0,0.335495,65.5,0.335879,0.331893,1634104405.0,0.0748,0.332983,0.2071,68033078.0,46356
2026-08-12 00:00:00+00:00,320,150,369251,712,302,75,107,303.0,4869330647.0,0.330325,37.5,0.334664,0.329527,1607064655.0,0.07367,0.334373,0.1837,70690022.0,46356
2026-08-13 00:00:00+00:00,317,159,430869,762,363,83,90,33.0,4869330647.0,0.332891,58.0,0.335669,0.330555,1628003991.0,0.07487,0.334581,0.1992,59848426.0,46356
2026-08-14 00:00:00+00:00,345,188,310319,688,274,79,118,517.0,4869330647.0,0.323845,14.2,0.328398,0.322136,1591474593.0,0.0731,0.327019,0.1911,61748348.0,46356
2026-08-15 00:00:00+00:00,315,146,260852,655,300,78,122,172.0,4869330647.0,0.325423,54.2,0.327033,0.324489,1574379642.0,0.0727,0.326669,0.1989,38655482.0,46356
2026-08-16 00:00:00+00:00,304,153,396855,658,254,83,134,24.0,4869330647.0,0.331822,74.3,0.333147,0.329924,1605778334.0,0.07417,0.333064,0.2009,41965915.0,46356
2026-08-17 00:00:00+00:00,347,195,462604,767,400,88,159,18.0,4869330647.0,0.332487,42.8,0.338269,0.332196,1635293198.0,0.07573,0.337928,0.2025,62321090.0,46356
2026-08-18 00:00:00+00:00,340,146,351911,865,380,85,178,465.0,4869330647.0,0.33053,34.6,0.333595,0.32974,1588752121.0,0.07217,0.333595,0.2142,54246799.0,46356
2026-08-19 00:00:00+00:00,360,177,428146,909,423,85,170,233.0,4869330647.0,0.341051,80.0,0.341121,0.335534,1689744696.0,0.07667,0.339962,0.2009,106141359.0,46356
2026-08-20 00:00:00+00:00,463,246,633835,943,385,73,187,284.0,4869330647.0,0.34708,71.3,0.361235,0.346964,1733862002.0,0.07333,0.356635,0.1879,159950334.0,46356
2026-08-21 00:00:00+00:00,542,303,608178,1158,611,83,267,50.0,4869330647.0,0.378536,78.3,0.404944,0.375362,1935261936.0,0.07827,0.398157,0.2176,289817035.0,46356
2026-08-22 00:00:00+00:00,509,222,537146,978,362,81,221,394.0,4869330647.0,0.373854,40.0,0.376242,0.367048,1783033187.0,0.06744,0.368116,0.1882,352412179.0,46356
2026-08-23 00:00:00+00:00,500,228,452314,863,336,75,160,47.0,4869330647.0,0.380965,41.2,0.391068,0.378731,1867407303.0,0.07156,0.384869,0.1891,214874421.0,46356
2026-08-24 00:00:00+00:00,459,198,502433,829,333,76,142,100.0,4869330647.0,0.38157,71.1,0.385044,0.372686,1858309472.0,0.07047,0.376227,0.1653,188840492.0,46356
2026-08-25 00:00:00+00:00,427,186,319425,794,280,79,170,567.0,4869330647.0,0.369078,40.7,0.373944,0.368776,1772211096.0,0.06662,0.373337,0.1511,160676342.0,46356
2026-08-26 00:00:00+00:00,358,136,285111,679,210,74,151,119.0,4869330647.0,0.364242,67.1,0.364796,0.356945,1826897121.0,0.06931,0.359275,0.1313,90795250.0,46356
2026-08-27 00:00:00+00:00,383,199,464404,716,307,77,151,84.0,4869330647.0,0.374875,79.7,0.383894,0.374266,1838062998.0,0.069,0.378983,0.1415,125148780.0,46356
2026-08-28 00:00:00+00:00,357,114,275355,627,152,77,130,477.0,4869330647.0,0.352944,58.9,0.361601,0.350646,1734543452.0,0.06427,0.361436,0.1306,120307750.0,46356
2026-08-29 00:00:00+00:00,267,57,155125,428,62,84,86,522.0,4869330647.0,0.353264,10.8,0.355366,0.350576,1720217202.0,0.06557,0.353693,0.1038,54040948.0,46356
2026-08-30 00:00:00+00:00,231,66,113728,352,75,83,63,209.0,4869330647.0,0.358034,35.1,0.363707,0.35558,1675231515.0,0.06347,0.355655,0.0892,80172312.0,46356
2026-08-31 00:00:00+00:00,223,74,90350,320,93,81,54,426.0,4869330647.0,0.347037,58.3,0.349209,0.341895,1685028000.0,0.06449,0.346045,0.0772,64064257.0,46356
2026-09-01 00:00:00+00:00,213,82,215912,309,102,86,50,274.0,4869330647.0,0.342428,60.0,0.346335,0.338022,1658375347.0,0.06278,0.346257,0.0688,91567356.0,46356
2026-09-02 00:00:00+00:00,209,85,129933,310,107,90,45,38.0,4869330647.0,0.341846,36.1,0.342655,0.33832,1693317883.0,0.06496,0.34093,0.0733,68951991.0,46356
2026-09-03 00:00:00+00:00,241,117,250444,366,159,88,41,136.0,4869330647.0,0.367255,82.0,0.37135,0.365863,1766781432.0,0.06781,0.371345,0.081,109333294.0,46356
2026-09-04 00:00:00+00:00,224,94,240030,337,115,82,54,240.0,4869330647.0,0.358362,15.7,0.360399,0.352678,1740287914.0,0.06384,0.353619,0.0763,110755064.0,46356
2026-09-05 00:00:00+00:00,219,89,251132,336,112,66,59,83.0,4869330647.0,0.369189,54.9,0.371165,0.367686,1803443332.0,0.06723,0.36901,0.0835,107533461.0,46356
2026-09-06 00:00:00+00:00,255,136,536733,370,168,78,63,43.0,4869330647.0,0.37755,72.2,0.380054,0.373753,1881989218.0,0.06961,0.374182,0.0918,115346283.0,46356
2026-09-07 00:00:00+00:00,305,160,565713,446,200,56,80,136.0,4869330647.0,0.387023,54.7,0.39115,0.378024,1869890018.0,0.06857,0.378024,0.1063,161628034.0,46356
2026-09-08 00:00:00+00:00,256,100,187465,354,122,72,61,442.0,4869330647.0,0.375438,53.2,0.385685,0.374552,1824737924.0,0.06781,0.385098,0.0848,122224475.0,46356
2026-09-09 00:00:00+00:00,281,139,401227,395,192,80,66,424.0,4869330647.0,0.365017,72.6,0.372111,0.365016,1751642224.0,0.06535,0.369026,0.0934,115066440.0,46356
2026-09-10 00:00:00+00:00,242,104,228290,363,135,75,49,377.0,4869330647.0,0.347101,60.2,0.355008,0.343254,1668445998.0,0.06267,0.353567,0.0893,122507767.0,46356
2026-09-11 00:00:00+00:00,210,88,194547,292,101,66,49,150.0,4869330647.0,0.352619,58.8,0.3679,0.342359,1706140731.0,0.06543,0.347097,0.0747,100433261.0,46356
2026-09-12 00:00:00+00:00,189,70,191462,256,88,65,48,276.0,4869330647.0,0.347677,32.8,0.354434,0.34678,1698452210.0,0.06434,0.352529,0.0687,50663564.0,46356
2026-09-13 00:00:00+00:00,165,70,185146,222,86,69,35,96.0,4869330647.0,0.34991,54.0,0.352667,0.341176,1668680247.0,0.06314,0.347707,0.0638,59320893.0,46356
2026-09-14 00:00:00+00:00,236,132,285705,314,162,73,49,57.0,4869330647.0,0.359067,74.6,0.360906,0.339718,1725662966.0,0.06589,0.349972,0.0821,117936251.0,46356
2026-09-15 00:00:00+00:00,215,66,148031,300,83,68,49,512.0,4869330647.0,0.334706,50.4,0.365023,0.328597,1598987424.0,0.06004,0.359136,0.073,119790112.0,46356
2026-09-16 00:00:00+00:00,230,127,190608,324,158,82,44,32.0,4869330647.0,0.338163,62.0,0.340719,0.323088,1690761293.0,0.06566,0.334778,0.0803,127028655.0,46356
2026-09-17 00:00:00+00:00,322,188,511424,472,254,91,40,23.0,4869330647.0,0.351836,90.2,0.35524,0.336308,1811067988.0,0.06966,0.338035,0.1078,227597878.0,46356
2026-09-18 00:00:00+00:00,382,198,715318,551,241,79,54,139.0,4869330647.0,0.3986152,82.1,0.4021158,0.3719363,1941017596.0,0.07407,0.3719363,0.121,266083586.0,46356
2026-09-19 00:00:00+00:00,398,220,697890,591,284,81,57,19.0,4869330647.0,0.4208381,49.1,0.4412369,0.3939832,2049212160.0,0.0741,0.398621,0.1404,301516878.0,46356
2026-09-20 00:00:00+00:00,417,162,598173,628,212,84,59,36.0,4869330647.0,0.4323561,33.3,0.4372322,0.4014804,2105284721.0,0.07582,0.4208406,0.1395,209495643.0,46356
2026-09-21 00:00:00+00:00,441,235,727129,724,346,86,60,166.0,4869330647.0,0.4575448,44.9,0.4605058,0.4236578,2227936902.0,0.08008,0.4323597,0.145,336397904.0,46356
2026-09-22 00:00:00+00:00,481,200,630032,766,269,86,66,675.0,4869330647.0,0.4415206,51.7,0.462366,0.4229978,2149909585.0,0.07324,0.4575462,0.1429,281850556.0,46356
2026-09-23 00:00:00+00:00,484,196,421359,768,270,86,68,393.0,4869330647.0,0.4126364,48.7,0.4468229,0.4073306,2009263192.0,0.06846,0.4415247,0.1459,259055646.0,46356
2026-09-24 00:00:00+00:00,1021,809,3049188,1673,1214,89,137,1.0,4869330647.0,0.5234891,90.1,0.5277554,0.4077776,2549950005.0,0.08902,0.4126203,0.3219,873874978.0,46356
2026-09-25 00:00:00+00:00,1353,775,3595392,2253,1114,88,240,61.0,4869330647.0,0.5488706,68.7,0.5779089,0.5173548,2672700432.0,0.09282,0.5236757,0.4627,579810149.0,46356
2026-09-26 00:00:00+00:00,1118,379,1340190,1811,494,86,217,529.0,4869330647.0,0.538137,50.0,0.5604013,0.5315665,2620366944.0,0.0908,0.5488846,0.3988,220354750.0,46356
2026-09-27 00:00:00+00:00,878,340,1010628,1405,466,86,184,17.0,4869330647.0,0.5888674,55.4,0.5890463,0.5289298,2867390156.0,0.09908,0.538137,0.3276,281162993.0,46356
2026-09-28 00:00:00+00:00,853,407,1198138,1394,603,84,179,120.0,4869330647.0,0.5187291,41.8,0.6048191,0.5074202,2525863374.0,0.08715,0.5889922,0.3101,657555139.0,46356
2026-09-29 00:00:00+00:00,723,277,1151073,1183,400,82,158,406.0,4869330647.0,0.5017957,46.1,0.530144,0.4924288,2443405478.0,0.0853,0.51873,0.2496,353288971.0,46356
2026-09-30 00:00:00+00:00,642,254,999919,1017,353,81,157,499.0,4869330647.0,0.4995876,41.0,0.5245712,0.4811729,2432657443.0,0.08502,0.5017949,0.217,380472644.0,46356
2026-10-01 00:00:00+00:00,603,226,686516,972,343,79,137,271.0,4869330647.0,0.4970003,61.8,0.5121954,0.4849721,2420059031.0,0.08451,0.4995848,0.2089,246174375.0,46356
2026-10-02 00:00:00+00:00,597,278,687828,1029,427,84,132,127.0,4869330647.0,0.4931907,59.6,0.5148174,0.4727207,2401246401.0,0.08307,0.4969985,0.2164,295399091.0,46356
2026-10-03 00:00:00+00:00,620,292,924959,969,355,90,131,221.0,4869330647.0,0.5023748,61.5,0.5027895,0.4797637,2446228981.0,0.08509,0.4931369,0.2162,163148418.0,46356
2026-10-04 00:00:00+00:00,638,267,733554,989,351,87,140,221.0,4869330647.0,0.4982963,43.8,0.5026065,0.4896725,2426732352.0,0.08394,0.5023859,0.2317,139888017.0,46356
2026-10-05 00:00:00+00:00,566,242,704681,904,349,82,154,130.0,4869330647.0,0.4993149,63.3,0.5096918,0.4853763,2431350336.0,0.08275,0.4983708,0.2019,251109401.0,46356
2026-10-06 00:00:00+00:00,654,121,397538,1163,156,84,167,402.0,4869330647.0,0.4938243,62.6,0.4944077,0.493782,2404873679.0,0.08249,0.494385,0.2996,212547897.0,46356
2026-10-07 00:00:00+00:00,583,221,501232,970,295,87,156,265.0,4869330647.0,0.4704396,51.9,0.4926678,0.4600491,2290725882.0,0.07864,0.4913226,0.2106,237736784.0,46356
2026-10-08 00:00:00+00:00,546,298,582474,906,418,85,128,8.0,4869330647.0,0.4699006,56.1,0.4996535,0.4404457,2288101466.0,0.0808,0.4704436,0.1967,474826801.0,46356
2026-10-09 00:00:00+00:00,617,109,348913,1080,143,83,166,26.0,4869330647.0,0.477418,57.5,0.478614,0.477418,2330321774.0,0.08375,0.478614,0.361,499641210.0,46356
2026-10-10 00:00:00+00:00,671,145,371805,1181,186,83,184,84.0,4869330647.0,0.4966442,69.2,0.4966442,0.4966442,2415035701.0,0.08649,0.4966442,0.3721,227700577.0,46356
